<?xml version="1.0"?>
<!DOCTYPE hibernate-mapping PUBLIC "-//Hibernate/Hibernate Mapping DTD 3.0//EN"
"http://hibernate.sourceforge.net/hibernate-mapping-3.0.dtd">
<!-- Generated Apr 22, 2013 1:26:40 PM by Hibernate Tools 3.4.0.CR1 -->
<hibernate-mapping>
    <class name="com.tctalk.apps.album.db.businessobjects.AlbumBO" table="album" catalog="tctalk_apps_photoalbum">
        <id name="albumid" type="java.lang.Integer">
            <column name="albumid" />
            <generator class="identity" />
        </id>
        <property name="albumname" type="string">
            <column name="albumname" length="55" not-null="true" />
        </property>
        <property name="albumdesc" type="string">
            <column name="albumdesc" length="65535" not-null="true" />
        </property>
        <property name="albumcreatedate" type="date">
            <column name="albumcreatedate" length="10" not-null="true" />
        </property>
    </class>
</hibernate-mapping>
