<?xml version="1.0"?>
<!DOCTYPE hibernate-mapping PUBLIC "-//Hibernate/Hibernate Mapping DTD 3.0//EN"
"http://hibernate.sourceforge.net/hibernate-mapping-3.0.dtd">
<!-- Generated Apr 22, 2013 1:26:40 PM by Hibernate Tools 3.4.0.CR1 -->
<hibernate-mapping>
    <class name="com.tctalk.apps.album.db.businessobjects.PhototblBO" table="phototbl" catalog="tctalk_apps_photoalbum">
        <id name="photoid" type="int">
            <column name="photoid" />
            <generator class="assigned" />
        </id>
        <property name="albumid" type="int">
            <column name="albumid" not-null="true" />
        </property>
        <property name="phototitle" type="string">
            <column name="phototitle" not-null="true" />
        </property>
        <property name="photoname" type="string">
            <column name="photoname" not-null="true" />
        </property>
        <property name="imgcontenttype" type="string">
            <column name="imgcontenttype" not-null="true" />
        </property>
        <property name="photocreatedate" type="timestamp">
            <column name="photocreatedate" length="19" not-null="true" />
        </property>
        <property name="photodata" type="binary">
            <column name="photodata" not-null="true" />
        </property>
    </class>
</hibernate-mapping>
