<?xml version="1.0" encoding="UTF-8"?>
<!DOCTYPE struts PUBLIC
    "-//Apache Software Foundation//DTD Struts Configuration 2.0//EN"
    "http://struts.apache.org/dtds/struts-2.0.dtd">

<struts>

    <constant name="struts.enable.DynamicMethodInvocation" value="false" />
    <constant name="struts.devMode" value="false" />
    
    <package name="default" extends="struts-default" namespace="/">
    
    <result-types>
		<result-type name="imageResult" class="com.tctalk.apps.album.web.actions.CustomPhotoResult" />
	</result-types>

    <default-action-ref name="index" />
        
    <action name="index">
        <result>index.jsp</result>
    </action>
    
    <action name="admin">
        <result name="success" type="redirectAction">listAlbumAdmn</result>
    </action>
    
    <action name="listAlbumAdmn" 
    	class="com.tctalk.apps.album.web.actions.PhotoAlbumAdminAction" method="getAllAlbumList" >
       	<result name="success">/WEB-INF/admin/jsp/showalbums.jsp</result>
    </action>
    
    <action name="addAlbumAdmn" 
    	class ="com.tctalk.apps.album.web.actions.PhotoAlbumAdminAction" method="addAlbumToCollection" >
    	<result name="input">listAlbumAdmn</result>
       	<result name="success" type="redirectAction">listAlbumAdmn</result>
    </action>
    
    <action name="delAlbumAdmn" 
    	class ="com.tctalk.apps.album.web.actions.PhotoAlbumAdminAction" method="delAlbumFromCollection" >
       	<result name="success" type="redirectAction">listAlbumAdmn</result>
    </action>
    
    <action name="listPhotosByAlbumAdmn" 
    	class="com.tctalk.apps.album.web.actions.PhotoAlbumAdminAction" method="listAllPhotos" >
       	<result name="success">/WEB-INF/admin/jsp/showphotos.jsp</result>
    </action>
    
    <action name="addPhotoAcion" 
    	class ="com.tctalk.apps.album.web.actions.PhotoAlbumAdminAction" method="uploadPhotoToAlbum" >
    		<interceptor-ref name="exception"/>
            <interceptor-ref name="i18n"/>
            <interceptor-ref name="fileUpload">
        		<param name="allowedTypes">image/x-png,image/png,image/gif,image/jpeg,image/pjpeg</param>
    		</interceptor-ref> 
    		<interceptor-ref name="params">
                <param name="excludeParams">dojo\..*,^struts\..*</param>
            </interceptor-ref>
            <interceptor-ref name="validation">
                <param name="excludeMethods">input,back,cancel,browse</param>
            </interceptor-ref>
            <interceptor-ref name="workflow">
                <param name="excludeMethods">input,back,cancel,browse</param>
            </interceptor-ref>
       	
       	<result name="success" type="redirectAction">
       		<param name="actionName">listPhotosByAlbumAdmn</param>
         	<param name="albumid">${albumid}</param>
       	</result>
       	
    	<result name="input">/WEB-INF/admin/jsp/showphotos.jsp</result>
    </action>
    
    <action name="delPhotoFrmAlbumAdmn" 
    	class ="com.tctalk.apps.album.web.actions.PhotoAlbumAdminAction" method="delPhoto" >
       	<result name="success" type="redirectAction">
       		<param name="actionName">listPhotosByAlbumAdmn</param>
         	<param name="albumid">${albumid}</param>
       	</result>
    </action>
    
    <action name="showPhotoAction"  
    	class="com.tctalk.apps.album.web.actions.PhotoAlbumAdminAction" method="showPhoto">
		<result name="success" type="imageResult"/>
	</action>

 </package>

</struts>
