<?xml version="1.0"?>
<!DOCTYPE hibernate-mapping PUBLIC "-//Hibernate/Hibernate Mapping DTD 3.0//EN"
"http://hibernate.sourceforge.net/hibernate-mapping-3.0.dtd">
<!-- Generated Mar 17, 2013 11:53:52 PM by Hibernate Tools 3.4.0.CR1 -->
<hibernate-mapping>
    <class name="com.tctalk.apps.mmgr.db.businessobjects.AlbumtblBO" table="albumtbl" catalog="music_manager">
        <id name="musicId" type="int">
            <column name="music_id" />
            <generator class="assigned" />
        </id>
        <property name="albumTitle" type="string">
            <column name="album_title" not-null="true" />
        </property>
        <property name="albumGenre" type="string">
            <column name="album_genre" not-null="true" />
        </property>
        <property name="albumArtists" type="string">
            <column name="album_artists" length="65535" not-null="true" />
        </property>
        <property name="noOfTracks" type="int">
            <column name="no_of_tracks" not-null="true" />
        </property>
    </class>
</hibernate-mapping>
