<?xml version="1.0" encoding="UTF-8"?>
<!DOCTYPE hibernate-configuration PUBLIC "-//Hibernate/Hibernate Configuration DTD 3.0//EN"
                                         "http://hibernate.sourceforge.net/hibernate-configuration-3.0.dtd">
<hibernate-configuration>
 <session-factory name="">
  <property name="hibernate.connection.driver_class">com.mysql.jdbc.Driver</property>
  <property name="hibernate.connection.url">jdbc:mysql://localhost:3306/music_manager</property>
  <property name="hibernate.connection.username">root</property>
  <property name="hibernate.connection.password"></property>
  <property name="hibernate.dialect">org.hibernate.dialect.MySQLDialect</property>
  
  <mapping resource="com/tctalk/apps/mmgr/db/hbm/Albumtbl.hbm.xml" />

 </session-factory>
</hibernate-configuration>
